Person ID,Angry (s),Sad (s),Happy (s),Fear (s),Disgust (s),Neutral (s),Surprise (s)
Person 1,0,25.750627994537354,10.892771005630493,0.20123791694641113,0,0,0.09711909294128418
