Person ID,Angry (s),Sad (s),Happy (s),Fear (s),Disgust (s),Neutral (s),Surprise (s)
Person 1,0,20.49404287338257,4.104655981063843,0,0,0.9795873165130615,0
Person 2,0,1.9236876964569092,0.0959618091583252,0,0,0.24402284622192383,0
