Person ID,Angry (s),Sad (s),Happy (s),Fear (s),Disgust (s),Neutral (s),Surprise (s)
Person 1,1.3066966533660889,15.127938985824585,21.147762537002563,0.6428277492523193,0,0.21761322021484375,3.372614860534668
Person 2,0,7.286687135696411,1.9670262336730957,0,0,0,0.3662121295928955
