Person ID,Angry (s),Sad (s),Happy (s),Fear (s),Disgust (s),Neutral (s),Surprise (s)
Person 1,0.33197879791259766,22.72694683074951,3.4920101165771484,0,0,0,7.919650077819824
