Person ID,Duration Eyes Closed (s),Duration Looking Left (s),Duration Looking Right (s),Duration Looking Straight (s),Left Counts,Right Counts,Straight Counts
Person 1,5.299999999999991,0.5333333333333333,6.999999999999985,0,16,210,159
Person 2,3.8666666666666627,7.899999999999982,0.5333333333333333,0,237,16,116
