Person ID,Duration Eyes Closed (s),Duration Looking Left (s),Duration Looking Right (s),Duration Looking Straight (s),Left Counts,Right Counts,Straight Counts
Person 1,0.19999999999999998,0.7999999999999999,0.26666666666666666,3.166666666666665,24,8,6
Person 2,0.03333333333333333,0.06666666666666667,0,0.6,2,0,1
