Person ID,Looking Forward (s),Looking Left (s),Looking Right (s),Looking Up (s),Looking Down (s)
Person 1,3.899999999999996,0,0,0.5333333333333333,0
Person 2,0.6333333333333333,0,0,0.06666666666666667,0
