Person ID,Looking Forward (s),Looking Left (s),Looking Right (s),Looking Up (s),Looking Down (s)
Person 1,4.56666666666666,0,1.7666666666666688,0.6,0
Person 2,1.0666666666666667,0,0,0.49999999999999994,0
